5, Hora a minuto, 30078,
89, Hora a minuto, 5340
5, Minuto a hora, 0.08333333333333333
45, Milla por Hora a Metro por segundo, 20.116766744377436
78, Segundo a hora, 0.021666666666666667